UserId,Password,CustId
100,TIM70XAM3QI,1
101,MQJ45KYT7FF,2
102,DQH71NHS2SL,3
103,VKG51ESO5RU,4
104,GBH58UGE8HX,5
105,EIY29CCE4WV,6
106,CBH42MLY1ZS,7
107,NFK01FFW4YC,8
108,GFU96VLH4WB,9
109,HXG16INC8IU,10
110,OPD18KTP1NE,11
111,QXL44TNZ3CN,12
112,CSB38IBK7VK,13
113,PXK89FHL5UL,14
114,ECS78TUU8NU,15
115,GVI24LEN1II,16
116,LDM35HQB8GG,17
117,DJI23HUF4GC,18
118,BGT27XTN1TG,19
119,KRS38OUP8EV,20
120,OWN56GQK0GB,21
121,CIS14YIU6SS,22
122,DNP23UGR3OJ,23
123,JGY71VYR1PF,24
124,PRP33EFG2FB,25
125,SWO20ACI2UF,26
126,KRA07XYZ2HS,27
127,VXX34DXD6XP,28
128,FAX56WIJ3FD,29
129,IEP42WQQ2OL,30
130,IOQ61RUN1VM,31
131,TAS16MBS2BC,32
132,ELU11QGJ3XT,33
133,DXI87NKF5IN,34
134,CUH46IDS5RQ,35
135,SNP32KCE6SY,36
136,CSV69OOC9MS,37
137,CEI99EXY6TK,38
138,JHO76QMH7TQ,39
139,TKE27ULL7IS,40
140,EQP36UUG8JG,41
141,RSG47VUE5BW,42
142,YXD46ZTS6GR,43
143,HRG27WSX2PE,44
144,AEI93JIS3DX,45
145,LIV33BMP8BO,46
146,XBB76MRB1WF,47
147,NBP89FIQ5LN,48
148,QTX24EXH8WQ,49
149,QRX66ULS5DH,50
150,PNE72NBD8GP,51
151,NPY55QTO6TC,52
152,XNM77YLC4LH,53
153,TYT75FSP6NQ,54
154,AQE53BUD1LC,55
155,LEQ37CMS5RT,56
156,LHU05EQZ3EY,57
157,VJR66GGC0CL,58
158,JQK44SZX9FK,59
159,GKT12VCM4UB,60
160,ICE42XES8JJ,61
161,LNQ82PSX0QJ,62
162,YPY43XPA6TY,63
163,XVB87DDT5BG,64
164,MBI16BAP8GY,65
165,QVI74MXW4HZ,66
166,KXJ84XXN6IV,67
167,YUN72MWU6ZH,68
168,SES20LHW0IT,69
169,GAN25PWB0SW,70
170,GWN83JUR2DX,71
171,CKI68EMU3PK,72
172,ZEV54KCG9YY,73
173,EML30HWM8UY,74
174,WVT19ZPX1WP,75
175,PCG96JTB1TV,76
176,QLP88GOE0LJ,77
177,SMK47FIJ5DQ,78
178,GMM66BDE3AP,79
179,AXB23AOL1YV,80
180,OFI71XOX6YT,81
181,ZXD38YIY1MN,82
182,NEY36NXS6NL,83
183,CRI08AEA0IT,84
184,IIE75MEX6WE,85
185,UUW04ZLI4DJ,86
186,SKG92USK1LV,87
187,IOC17OQP6KK,88
188,MKF64AIU2KF,89
189,KRE66EFI6UV,90
190,VFD33NAT4ET,91
191,BTN79GSF4OS,92
192,FSS92QVM7KS,93
193,OHT52JUM2JD,94
194,OYN12RIA7PV,95
195,TMD59YEJ0QN,96
196,KNV64KFF7TX,97
197,IGK98VBI1LE,98
198,GVN00KWC5QU,99
199,DHS43MHX5VU,100
